method,order,max_absolute_error,relative_infinity_error
Original,0,1.779199010343291e-11,3.0327567927690344e-14
CTSE,0,1.375610736431554e-11,2.3448151560706275e-14
CTSE,1,9.814371537686384e-14,2.5416022714401962e-14
OTI-CR,0,1.779199010343291e-11,3.0327567927690344e-14
OTI-CR,1,6.350475700855895e-14,1.644566175637774e-14
OTI-CR,2,6.801850749305061e-15,1.157852428563653e-13
OTI-CR,3,9.70089893831405e-16,3.720788228390704e-13
OTI-CR,4,1.376394657970348e-16,8.701933295255687e-13
FD,0,1.779199010343291e-11,3.0327567927690344e-14
FD,1,5.3653081977245165e-11,1.3894399096213517e-11
FD,2,2.4504024503935184e-10,4.1712241751795806e-9
FD,3,1.5141131519142564e-9,5.807394168228711e-7
FD,4,3.325238804902271e-9,2.102304459225726e-5
