dt,voxel,d0,d1,d2,d3,d4
50.0,1.0,586.6606298880897,3.861489914440928,-0.03537842323577373,0.0010012219478485206,-4.305839497073398e-5
50.0,2.0,433.1978777491249,2.9770293335465543,-0.010347874539560107,-7.523792641984993e-5,2.1516349104128833e-5
50.0,3.0,354.1608589488216,1.8338718891631933,0.012801725996157219,-0.0006137890730850014,2.7280668326283668e-5
50.0,4.0,320.9706373775949,1.0107575946837442,0.02060659970475004,-0.0004703235115930802,-2.6610665509318318e-6
50.0,5.0,313.0493556734585,0.7028082928230512,0.016653385623515378,-0.00039338461387442833,-4.382579617982377e-6
50.0,6.0,322.698281289898,0.8111936315502215,0.0028655561954204784,-0.000426010206605353,3.12602607269325e-5
50.0,7.0,352.6270476950922,0.9912178751628975,-0.02157252839780808,0.00032287071883703363,3.3722193985895455e-5
50.0,8.0,407.3362609793576,0.6319289088303752,-0.037938845020110266,0.0019148064939267708,-8.63872003030099e-5
50.0,9.0,477.84369698437735,-0.6758311830048253,-0.0064349992942449915,0.0013470622614413037,-0.00013546136477726788
50.0,10.0,531.4553534142815,-2.1444662571962008,0.058745402967654264,-0.002607216090475913,0.00015817113407668617
