method,order,h,relative_infinity_error
FD,1,1.0e-6,3.311490267534917e-6
FD,1,1.2863969449369745e-6,3.1821300713809983e-6
FD,1,1.6548170999431815e-6,1.4885651266923109e-6
FD,1,2.1287516617963725e-6,1.0864843121922243e-6
FD,1,2.7384196342643613e-6,1.5410760127809222e-6
FD,1,3.5226946514731013e-6,7.586404087234668e-7
FD,1,4.531583637600818e-6,8.203109123593413e-7
FD,1,5.829415347136074e-6,4.139660445406704e-7
FD,1,7.498942093324558e-6,4.033596933308447e-7
FD,1,9.646616199111991e-6,6.982185527381291e-7
FD,1,1.2409377607517196e-5,2.8095383408473254e-7
FD,1,1.5963385442879422e-5,1.5941303108008663e-7
FD,1,2.0535250264571462e-5,1.1893956580230792e-7
FD,1,2.6416483203860926e-5,1.929166675216795e-7
FD,1,3.3982083289425596e-5,1.366014240084198e-7
FD,1,4.3714448126110894e-5,8.513715834972934e-8
FD,1,5.623413251903491e-5,7.734034955047721e-8
FD,1,7.233941627366747e-5,4.7552472664696254e-8
FD,1,9.30572040929699e-5,2.8948930834961713e-8
FD,1,0.000119708503049573,2.303542419033563e-8
FD,1,0.0001539926526059492,4.382316429869426e-8
FD,1,0.00019809567785503387,8.834680654639492e-9
FD,1,0.00025482967479793463,7.075012442415106e-9
FD,1,0.0003278121151393459,9.67122676013742e-9
FD,1,0.00042169650342858224,6.769427119728561e-9
FD,1,0.0005424690937011326,9.57483474017248e-9
FD,1,0.0006978305848598664,8.339389793398767e-9
FD,1,0.0008976871324473142,3.523811053253194e-9
FD,1,0.0011547819846894581,2.8625698943445533e-9
FD,1,0.001485508017172775,2.230739242634229e-9
FD,1,0.0019109529749704406,1.359303751973614e-9
FD,1,0.0024582440689201973,9.45403879571892e-10
FD,1,0.0031622776601683794,2.016783138262425e-9
FD,1,0.004067944321083047,1.0669552031711256e-9
FD,1,0.005232991146814947,9.396524693911095e-10
FD,1,0.006731703824144983,5.06402895877477e-10
FD,1,0.008659643233600654,4.2962646772361207e-10
FD,1,0.011139738599948023,3.702740456936879e-10
FD,1,0.014330125702369627,2.529388779981963e-10
FD,1,0.018434229924091106,5.328040482324743e-10
FD,1,0.023713737056616554,1.3296967306177723e-10
FD,1,0.030505278902670255,8.664218639174729e-11
FD,1,0.03924189758484536,8.979828713996906e-11
FD,1,0.05048065716667471,9.905762597616348e-11
FD,1,0.06493816315762113,7.782926676899915e-11
FD,1,0.08353625469578262,2.0688124968698696e-11
FD,1,0.10746078283213174,4.7332914627408476e-11
FD,1,0.13823722273578995,4.3778696609360544e-11
FD,1,0.1778279410038923,2.2883620813175125e-11
FD,1,0.22875732003183957,1.7809386631252757e-11
FD,1,0.29427271762092816,8.278148104096686e-12
FD,1,0.37855152492586297,9.296284072832435e-12
FD,1,0.4869675251658631,1.8719188240726213e-11
FD,1,0.6264335366568856,1.696732274747515e-11
FD,1,0.8058421877614819,8.954291936423454e-11
FD,1,1.036632928437698,3.759048447712046e-10
FD,1,1.333521432163324,1.690988311116374e-9
FD,1,1.715437896342879,7.695956296051964e-9
FD,1,2.20673406908459,3.506347413659444e-8
FD,1,2.838735964758755,1.602919958662183e-7
FD,1,3.651741272548377,7.370556125974004e-7
FD,1,4.697588816706491,3.4219252546342957e-6
FD,1,6.042963902381328,1.614345324775569e-5
FD,1,7.773650302387758,7.822451547244593e-5
FD,1,10.0,0.00039647412684779606
CTSE,1,9.999999999999999e-31,2.9096170799745234e-14
CTSE,1,3.0505278902670257e-30,2.599104585273685e-14
CTSE,1,9.30572040929699e-30,2.668107361873871e-14
CTSE,1,2.838735964758755e-29,2.8176133778409415e-14
CTSE,1,8.659643233600654e-29,2.47259949484001e-14
CTSE,1,2.6416483203860926e-28,2.47259949484001e-14
CTSE,1,8.058421877614818e-28,2.5761036597402895e-14
CTSE,1,2.4582440689201973e-27,2.679607824640569e-14
CTSE,1,7.498942093324558e-27,2.5761036597402895e-14
CTSE,1,2.2875732003183957e-26,2.4610990320733123e-14
CTSE,1,6.978305848598663e-26,2.633605973573778e-14
CTSE,1,2.1287516617963727e-25,2.5416022714401962e-14
CTSE,1,6.493816315762114e-25,2.47259949484001e-14
CTSE,1,1.9809567785503388e-24,2.311593016106242e-14
CTSE,1,6.042963902381328e-24,2.7026087501739644e-14
CTSE,1,1.8434229924091105e-23,2.6911082874072666e-14
CTSE,1,5.623413251903491e-23,2.6566068991071734e-14
CTSE,1,1.715437896342879e-22,2.794612452307546e-14
CTSE,1,5.232991146814947e-22,2.392096255473126e-14
CTSE,1,1.5963385442879423e-21,2.346094404406335e-14
CTSE,1,4.869675251658631e-21,2.392096255473126e-14
CTSE,1,1.4855080171727752e-20,2.9441184682746164e-14
CTSE,1,4.531583637600818e-20,2.7371101384740576e-14
CTSE,1,1.3823722273578997e-19,2.392096255473126e-14
CTSE,1,4.2169650342858224e-19,2.6221055108070805e-14
CTSE,1,1.2863969449369744e-18,2.794612452307546e-14
CTSE,1,3.924189758484536e-18,2.4956004203734053e-14
CTSE,1,1.19708503049573e-17,2.265591165039451e-14
CTSE,1,3.651741272548377e-17,2.5876041225069872e-14
CTSE,1,1.1139738599948023e-16,2.714109212940662e-14
CTSE,1,3.3982083289425593e-16,3.0016207821081054e-14
CTSE,1,1.036632928437698e-15,2.886616154441128e-14
CTSE,1,3.1622776601683794e-15,2.392096255473126e-14
CTSE,1,9.646616199111992e-15,2.507100883140103e-14
CTSE,1,2.9427271762092816e-14,2.760111064007453e-14
CTSE,1,8.976871324473141e-14,2.6911082874072666e-14
CTSE,1,2.738419634264361e-13,2.438098106539917e-14
CTSE,1,8.353625469578261e-13,2.633605973573778e-14
CTSE,1,2.5482967479793465e-12,2.5416022714401962e-14
CTSE,1,7.773650302387758e-12,3.243130500208757e-14
CTSE,1,2.3713737056616552e-11,2.633605973573778e-14
CTSE,1,7.233941627366748e-11,2.7716115267741508e-14
CTSE,1,2.2067340690845898e-10,2.97861985657471e-14
CTSE,1,6.731703824144982e-10,2.87511569167443e-14
CTSE,1,2.053525026457146e-9,2.553102734206894e-14
CTSE,1,6.264335366568855e-9,2.6106050480403827e-14
CTSE,1,1.9109529749704404e-8,2.4840999576067075e-14
CTSE,1,5.829415347136074e-8,2.5301018086734985e-14
CTSE,1,1.7782794100389227e-7,2.7716115267741508e-14
CTSE,1,5.424690937011326e-7,2.714109212940662e-14
CTSE,1,1.6548170999431815e-6,2.2770916278061487e-14
CTSE,1,5.048065716667471e-6,2.5876041225069872e-14
CTSE,1,1.539926526059492e-5,2.9096170799745234e-14
CTSE,1,4.6975888167064915e-5,2.2437402857827252e-13
CTSE,1,0.00014330125702369627,2.3264286130752817e-12
CTSE,1,0.00043714448126110897,2.1506670406118405e-11
CTSE,1,0.001333521432163324,2.0013933339926575e-10
CTSE,1,0.004067944321083047,1.8621857524239097e-9
CTSE,1,0.012409377607517195,1.7328847844870227e-8
CTSE,1,0.0378551524925863,1.6125778719115985e-7
CTSE,1,0.11547819846894582,1.5006159799861527e-6
CTSE,1,0.35226946514731017,1.3963964430370438e-5
CTSE,1,1.0746078283213174,0.00012991458768676933
CTSE,1,3.2781211513934587,0.0012063425552509477
CTSE,1,10.0,0.011004591249053654
FD,2,1.0e-6,421.69978444718873
FD,2,1.2863969449369745e-6,778.3279808396944
FD,2,1.6548170999431815e-6,331.08919161700976
FD,2,2.1287516617963725e-6,101.37321894529674
FD,2,2.7384196342643613e-6,53.19290408783876
FD,2,3.5226946514731013e-6,84.46930959886556
FD,2,4.531583637600818e-6,34.6700732036983
FD,2,5.829415347136074e-6,13.60828091969135
FD,2,7.498942093324558e-6,15.876965632330721
FD,2,9.646616199111991e-6,8.156063241291983
FD,2,1.2409377607517196e-5,5.8938592918797825
FD,2,1.5963385442879422e-5,2.869124032065556
FD,2,2.0535250264571462e-5,3.4129749232347315
FD,2,2.6416483203860926e-5,1.4240652965786853
FD,2,3.3982083289425596e-5,0.6715846214125892
FD,2,4.3714448126110894e-5,0.5377490041762125
FD,2,5.623413251903491e-5,0.35732092232222296
FD,2,7.233941627366747e-5,0.27130204701205596
FD,2,9.30572040929699e-5,0.07639885099536123
FD,2,0.000119708503049573,0.0543911909874675
FD,2,0.0001539926526059492,0.0324649108776935
FD,2,0.00019809567785503387,0.01865303220768239
FD,2,0.00025482967479793463,0.0054016653578434085
FD,2,0.0003278121151393459,0.005155897301757119
FD,2,0.00042169650342858224,0.004366208194387825
FD,2,0.0005424690937011326,0.002938641401015955
FD,2,0.0006978305848598664,0.0011210971454192564
FD,2,0.0008976871324473142,0.0007536240976447207
FD,2,0.0011547819846894581,0.000708939924754936
FD,2,0.001485508017172775,0.0003894291471495773
FD,2,0.0019109529749704406,0.00014895958921940628
FD,2,0.0024582440689201973,0.00010871052785563982
FD,2,0.0031622776601683794,5.5196156339387194e-5
FD,2,0.004067944321083047,9.237294449741003e-5
FD,2,0.005232991146814947,3.268858053765827e-5
FD,2,0.006731703824144983,1.2278721399710476e-5
FD,2,0.008659643233600654,6.126543330846893e-6
FD,2,0.011139738599948023,4.677366083247966e-6
FD,2,0.014330125702369627,4.991176205330902e-6
FD,2,0.018434229924091106,2.2598321332091925e-6
FD,2,0.023713737056616554,1.1732873570377311e-6
FD,2,0.030505278902670255,1.122331511866901e-6
FD,2,0.03924189758484536,4.769193544945601e-7
FD,2,0.05048065716667471,2.811305349380862e-7
FD,2,0.06493816315762113,1.4634812663773123e-7
FD,2,0.08353625469578262,9.609407993470554e-8
FD,2,0.10746078283213174,7.828239891541019e-8
FD,2,0.13823722273578995,6.158579051227684e-8
FD,2,0.1778279410038923,1.8491855493021815e-8
FD,2,0.22875732003183957,2.1686763322263907e-8
FD,2,0.29427271762092816,1.0894322384206723e-8
FD,2,0.37855152492586297,4.495911037180694e-9
FD,2,0.4869675251658631,3.997358444097009e-9
FD,2,0.6264335366568856,2.3026717382796035e-9
FD,2,0.8058421877614819,1.1501158718391157e-9
FD,2,1.036632928437698,9.861805635440167e-10
FD,2,1.333521432163324,3.0130165360353824e-9
FD,2,1.715437896342879,1.462654534938522e-8
FD,2,2.20673406908459,6.731792657567832e-8
FD,2,2.838735964758755,3.066319329593432e-7
FD,2,3.651741272548377,1.4069480888611282e-6
FD,2,4.697588816706491,6.5100096604474556e-6
FD,2,6.042963902381328,3.053963427849969e-5
FD,2,7.773650302387758,0.0001466041817940172
FD,2,10.0,0.0007315386277062558
FD,3,1.0e-6,1.041061866815682e10
FD,3,1.2863969449369745e-6,7.892621151307266e9
FD,3,1.6548170999431815e-6,1.721205818723745e9
FD,3,2.1287516617963725e-6,8.780498763692164e8
FD,3,2.7384196342643613e-6,6.832060671456304e8
FD,3,3.5226946514731013e-6,2.1845011277143708e8
FD,3,4.531583637600818e-6,1.5527548695251164e8
FD,3,5.829415347136074e-6,6.805814092633656e7
FD,3,7.498942093324558e-6,2.2464301770696294e7
FD,3,9.646616199111991e-6,2.694365691476781e7
FD,3,1.2409377607517196e-5,6.383417175421619e6
FD,3,1.5963385442879422e-5,1.6721791326825174e6
FD,3,2.0535250264571462e-5,1.0350873147884957e6
FD,3,2.6416483203860926e-5,964203.0926270026
FD,3,3.3982083289425596e-5,478013.84575892764
FD,3,4.3714448126110894e-5,145144.66278818788
FD,3,5.623413251903491e-5,83461.38927288109
FD,3,7.233941627366747e-5,28134.211998189054
FD,3,9.30572040929699e-5,11474.116065672983
FD,3,0.000119708503049573,5813.1669114999995
FD,3,0.0001539926526059492,8096.350048894528
FD,3,0.00019809567785503387,927.935738392632
FD,3,0.00025482967479793463,638.0439563048413
FD,3,0.0003278121151393459,322.06858288058146
FD,3,0.00042169650342858224,143.86139266657415
FD,3,0.0005424690937011326,138.21178077746916
FD,3,0.0006978305848598664,50.51915228175962
FD,3,0.0008976871324473142,18.60722443170886
FD,3,0.0011547819846894581,7.2829961220531985
FD,3,0.001485508017172775,3.633371682242387
FD,3,0.0019109529749704406,1.5021604740190702
FD,3,0.0024582440689201973,0.5646383375704057
FD,3,0.0031622776601683794,0.7259433807060195
FD,3,0.004067944321083047,0.20213258338699913
FD,3,0.005232991146814947,0.10620651414161848
FD,3,0.006731703824144983,0.04553516823439522
FD,3,0.008659643233600654,0.02494541723728948
FD,3,0.011139738599948023,0.00909367503779699
FD,3,0.014330125702369627,0.004836683229679718
FD,3,0.018434229924091106,0.005077033229704283
FD,3,0.023713737056616554,0.001099147757376145
FD,3,0.030505278902670255,0.00043045347243796946
FD,3,0.03924189758484536,0.00010700072809773034
FD,3,0.05048065716667471,0.00012174660496700887
FD,3,0.06493816315762113,7.546847472832779e-5
FD,3,0.08353625469578262,2.49754553560396e-5
FD,3,0.10746078283213174,1.446273239578817e-5
FD,3,0.13823722273578995,7.372492980500266e-6
FD,3,0.1778279410038923,2.591431945950584e-6
FD,3,0.22875732003183957,1.3502250405509702e-6
FD,3,0.29427271762092816,4.193885329260375e-7
FD,3,0.37855152492586297,2.15596248533902e-7
FD,3,0.4869675251658631,3.1236682324115187e-7
FD,3,0.6264335366568856,5.393223396168251e-7
FD,3,0.8058421877614819,1.5756762105791798e-6
FD,3,1.036632928437698,4.2021011466270065e-6
FD,3,1.333521432163324,1.1504845505152108e-5
FD,3,1.715437896342879,3.1618410195395765e-5
FD,3,2.20673406908459,8.702654529589882e-5
FD,3,2.838735964758755,0.00024031266020231877
FD,3,3.651741272548377,0.000667253810762688
FD,3,4.697588816706491,0.0018697139216561343
FD,3,6.042963902381328,0.005319562486238602
FD,3,7.773650302387758,0.015526010422094689
FD,3,10.0,0.04730877362225817
FD,4,1.0e-6,6.519139058806198e17
FD,4,1.2863969449369745e-6,7.772123605995718e17
FD,4,1.6548170999431815e-6,2.0403638433094525e17
FD,4,2.1287516617963725e-6,3.993637138486994e16
FD,4,2.7384196342643613e-6,1.0877084891176076e16
FD,4,3.5226946514731013e-6,1.1592283154607864e16
FD,4,4.531583637600818e-6,2.305687794418137e15
FD,4,5.829415347136074e-6,6.354899694236174e14
FD,4,7.498942093324558e-6,4.02589849857054e14
FD,4,9.646616199111991e-6,1.2906125841691948e14
FD,4,1.2409377607517196e-5,5.1185661464607945e13
FD,4,1.5963385442879422e-5,1.865017293371373e13
FD,4,2.0535250264571462e-5,1.344176301241899e13
FD,4,2.6416483203860926e-5,3.0427501821102285e12
FD,4,3.3982083289425596e-5,8.859020289452646e11
FD,4,4.3714448126110894e-5,3.6614598074267145e11
FD,4,5.623413251903491e-5,1.5571901621823956e11
FD,4,7.233941627366747e-5,7.972914675658359e10
FD,4,9.30572040929699e-5,1.8445943470281464e10
FD,4,0.000119708503049573,5.879108134166507e9
FD,4,0.0001539926526059492,1.914034620123151e9
FD,4,0.00019809567785503387,5.944625963107831e8
FD,4,0.00025482967479793463,1.8022373936768776e8
FD,4,0.0003278121151393459,4.93422792849752e7
FD,4,0.00042169650342858224,3.8801478839045934e7
FD,4,0.0005424690937011326,1.3628753687524848e7
FD,4,0.0006978305848598664,3.6019390661828173e6
FD,4,0.0008976871324473142,1.318378891955815e6
FD,4,0.0011547819846894581,781548.1980420748
FD,4,0.001485508017172775,229367.74813688174
FD,4,0.0019109529749704406,67016.01636566473
FD,4,0.0024582440689201973,29168.44374521454
FD,4,0.0031622776601683794,9776.714056420215
FD,4,0.004067944321083047,8717.694666895788
FD,4,0.005232991146814947,1657.7323091769297
FD,4,0.006731703824144983,369.1062814449342
FD,4,0.008659643233600654,84.09594377057395
FD,4,0.011139738599948023,48.424797764259665
FD,4,0.014330125702369627,36.07321425957437
FD,4,0.018434229924091106,8.625255359973902
FD,4,0.023713737056616554,2.683323449689257
FD,4,0.030505278902670255,1.9123002117266104
FD,4,0.03924189758484536,0.4906647199076495
FD,4,0.05048065716667471,0.14393484849624047
FD,4,0.06493816315762113,0.059399168766989446
FD,4,0.08353625469578262,0.017764571807211346
FD,4,0.10746078283213174,0.01094350915944057
FD,4,0.13823722273578995,0.0052238830947646895
FD,4,0.1778279410038923,0.0007918588291251393
FD,4,0.22875732003183957,0.0005709815915161013
FD,4,0.29427271762092816,0.00017201960149144151
FD,4,0.37855152492586297,4.227206258255378e-5
FD,4,0.4869675251658631,2.2938434393395176e-5
FD,4,0.6264335366568856,8.580046098557398e-6
FD,4,0.8058421877614819,3.0517592998718027e-6
FD,4,1.036632928437698,3.269747332862727e-6
FD,4,1.333521432163324,1.0829355939329535e-5
FD,4,1.715437896342879,3.0318688004654536e-5
FD,4,2.20673406908459,8.364086686620826e-5
FD,4,2.838735964758755,0.000230578962647786
FD,4,3.651741272548377,0.0006389733313008703
FD,4,4.697588816706491,0.0017847263545231096
FD,4,6.042963902381328,0.005050645956773617
FD,4,7.773650302387758,0.014610000074330531
FD,4,10.0,0.043855640770688556
