h,value,derivative,absolute_value_error,absolute_derivative_error
1.0000000000000001e-20,2.718281828459045,5.43656365691809,1.445646891729250136554224997792468345749669676277240766303535545336482536731913e-16,2.891293783458500273108449995584936691499339352554481532607071090672965073463826e-16
1.200875288236014e-20,2.718281828459045,5.436563656918089,1.445646891729250136554224997792468345749669676277240766303535545336482536731913e-16,1.177307798045975259649750334031149919149933935255448153260707109067296507346383e-15
1.4421014578959295e-20,2.718281828459045,5.43656365691809,1.445646891729250136554224997792468345749669676277240766303535545336482536731913e-16,2.891293783458500273108449995584936691499339352554481532607071090672965073463826e-16
1.731784003916364e-20,2.718281828459045,5.43656365691809,1.445646891729250136554224997792468345749669676277240766303535545336482536731913e-16,2.891293783458500273108449995584936691499339352554481532607071090672965073463826e-16
2.079656614865582e-20,2.718281828459045,5.43656365691809,1.445646891729250136554224997792468345749669676277240766303535545336482536731913e-16,2.891293783458500273108449995584936691499339352554481532607071090672965073463826e-16
2.497408236808639e-20,2.718281828459045,5.43656365691809,1.445646891729250136554224997792468345749669676277240766303535545336482536731913e-16,2.891293783458500273108449995584936691499339352554481532607071090672965073463826e-16
2.9990758362205696e-20,2.718281828459045,5.43656365691809,1.445646891729250136554224997792468345749669676277240766303535545336482536731913e-16,2.891293783458500273108449995584936691499339352554481532607071090672965073463826e-16
3.60151605926307e-20,2.718281828459045,5.43656365691809,1.445646891729250136554224997792468345749669676277240766303535545336482536731913e-16,2.891293783458500273108449995584936691499339352554481532607071090672965073463826e-16
4.3249716357541726e-20,2.718281828459045,5.43656365691809,1.445646891729250136554224997792468345749669676277240766303535545336482536731913e-16,2.891293783458500273108449995584936691499339352554481532607071090672965073463826e-16
5.193751559698876e-20,2.718281828459045,5.43656365691809,1.445646891729250136554224997792468345749669676277240766303535545336482536731913e-16,2.891293783458500273108449995584936691499339352554481532607071090672965073463826e-16
6.237047901279635e-20,2.718281828459045,5.43656365691809,1.445646891729250136554224997792468345749669676277240766303535545336482536731913e-16,2.891293783458500273108449995584936691499339352554481532607071090672965073463826e-16
7.489916696191068e-20,2.718281828459045,5.43656365691809,1.445646891729250136554224997792468345749669676277240766303535545336482536731913e-16,2.891293783458500273108449995584936691499339352554481532607071090672965073463826e-16
8.994455871402181e-20,2.718281828459045,5.43656365691809,1.445646891729250136554224997792468345749669676277240766303535545336482536731913e-16,2.891293783458500273108449995584936691499339352554481532607071090672965073463826e-16
1.0801219787096202e-19,2.718281828459045,5.43656365691809,1.445646891729250136554224997792468345749669676277240766303535545336482536731913e-16,2.891293783458500273108449995584936691499339352554481532607071090672965073463826e-16
1.2970917925129688e-19,2.718281828459045,5.43656365691809,1.445646891729250136554224997792468345749669676277240766303535545336482536731913e-16,2.891293783458500273108449995584936691499339352554481532607071090672965073463826e-16
1.5576454802025922e-19,2.718281828459045,5.43656365691809,1.445646891729250136554224997792468345749669676277240766303535545336482536731913e-16,2.891293783458500273108449995584936691499339352554481532607071090672965073463826e-16
1.8705379650078122e-19,2.718281828459045,5.43656365691809,1.445646891729250136554224997792468345749669676277240766303535545336482536731913e-16,2.891293783458500273108449995584936691499339352554481532607071090672965073463826e-16
2.246282817885163e-19,2.718281828459045,5.43656365691809,1.445646891729250136554224997792468345749669676277240766303535545336482536731913e-16,2.891293783458500273108449995584936691499339352554481532607071090672965073463826e-16
2.697505526387451e-19,2.718281828459045,5.43656365691809,1.445646891729250136554224997792468345749669676277240766303535545336482536731913e-16,2.891293783458500273108449995584936691499339352554481532607071090672965073463826e-16
3.2393677265187967e-19,2.718281828459045,5.43656365691809,1.445646891729250136554224997792468345749669676277240766303535545336482536731913e-16,2.891293783458500273108449995584936691499339352554481532607071090672965073463826e-16
3.890076652285701e-19,2.718281828459045,5.43656365691809,1.445646891729250136554224997792468345749669676277240766303535545336482536731913e-16,2.891293783458500273108449995584936691499339352554481532607071090672965073463826e-16
4.6714969210737795e-19,2.718281828459045,5.43656365691809,1.445646891729250136554224997792468345749669676277240766303535545336482536731913e-16,2.891293783458500273108449995584936691499339352554481532607071090672965073463826e-16
5.609885211588126e-19,2.718281828459045,5.43656365691809,1.445646891729250136554224997792468345749669676277240766303535545336482536731913e-16,2.891293783458500273108449995584936691499339352554481532607071090672965073463826e-16
6.736772520436843e-19,2.718281828459045,5.43656365691809,1.445646891729250136554224997792468345749669676277240766303535545336482536731913e-16,2.891293783458500273108449995584936691499339352554481532607071090672965073463826e-16
8.090023642260118e-19,2.718281828459045,5.43656365691809,1.445646891729250136554224997792468345749669676277240766303535545336482536731913e-16,2.891293783458500273108449995584936691499339352554481532607071090672965073463826e-16
9.715109473235286e-19,2.718281828459045,5.43656365691809,1.445646891729250136554224997792468345749669676277240766303535545336482536731913e-16,2.891293783458500273108449995584936691499339352554481532607071090672965073463826e-16
1.1666634888915853e-18,2.718281828459045,5.43656365691809,1.445646891729250136554224997792468345749669676277240766303535545336482536731913e-16,2.891293783458500273108449995584936691499339352554481532607071090672965073463826e-16
1.401017353497116e-18,2.718281828459045,5.43656365691809,1.445646891729250136554224997792468345749669676277240766303535545336482536731913e-16,2.891293783458500273108449995584936691499339352554481532607071090672965073463826e-16
1.6824471182045204e-18,2.718281828459045,5.43656365691809,1.445646891729250136554224997792468345749669676277240766303535545336482536731913e-16,2.891293783458500273108449995584936691499339352554481532607071090672965073463826e-16
2.0204091680157043e-18,2.718281828459045,5.43656365691809,1.445646891729250136554224997792468345749669676277240766303535545336482536731913e-16,2.891293783458500273108449995584936691499339352554481532607071090672965073463826e-16
2.4262594419955442e-18,2.718281828459045,5.43656365691809,1.445646891729250136554224997792468345749669676277240766303535545336482536731913e-16,2.891293783458500273108449995584936691499339352554481532607071090672965073463826e-16
2.9136350067417493e-18,2.718281828459045,5.43656365691809,1.445646891729250136554224997792468345749669676277240766303535545336482536731913e-16,2.891293783458500273108449995584936691499339352554481532607071090672965073463826e-16
3.498912278535567e-18,2.718281828459045,5.43656365691809,1.445646891729250136554224997792468345749669676277240766303535545336482536731913e-16,2.891293783458500273108449995584936691499339352554481532607071090672965073463826e-16
4.201757290998927e-18,2.718281828459045,5.43656365691809,1.445646891729250136554224997792468345749669676277240766303535545336482536731913e-16,2.891293783458500273108449995584936691499339352554481532607071090672965073463826e-16
5.0457864979261095e-18,2.718281828459045,5.43656365691809,1.445646891729250136554224997792468345749669676277240766303535545336482536731913e-16,2.891293783458500273108449995584936691499339352554481532607071090672965073463826e-16
6.059360315074403e-18,2.718281828459045,5.43656365691809,1.445646891729250136554224997792468345749669676277240766303535545336482536731913e-16,2.891293783458500273108449995584936691499339352554481532607071090672965073463826e-16
7.276536064890898e-18,2.718281828459045,5.43656365691809,1.445646891729250136554224997792468345749669676277240766303535545336482536731913e-16,2.891293783458500273108449995584936691499339352554481532607071090672965073463826e-16
8.738212344285607e-18,2.718281828459045,5.43656365691809,1.445646891729250136554224997792468345749669676277240766303535545336482536731913e-16,2.891293783458500273108449995584936691499339352554481532607071090672965073463826e-16
1.0493503267611473e-17,2.718281828459045,5.43656365691809,1.445646891729250136554224997792468345749669676277240766303535545336482536731913e-16,2.891293783458500273108449995584936691499339352554481532607071090672965073463826e-16
1.2601388761098481e-17,2.718281828459045,5.43656365691809,1.445646891729250136554224997792468345749669676277240766303535545336482536731913e-16,2.891293783458500273108449995584936691499339352554481532607071090672965073463826e-16
1.513269636065833e-17,2.718281828459045,5.43656365691809,1.445646891729250136554224997792468345749669676277240766303535545336482536731913e-16,2.891293783458500273108449995584936691499339352554481532607071090672965073463826e-16
1.817248110389365e-17,2.718281828459045,5.43656365691809,1.445646891729250136554224997792468345749669676277240766303535545336482536731913e-16,2.891293783458500273108449995584936691499339352554481532607071090672965073463826e-16
2.1822883483601803e-17,2.718281828459045,5.43656365691809,1.445646891729250136554224997792468345749669676277240766303535545336482536731913e-16,2.891293783458500273108449995584936691499339352554481532607071090672965073463826e-16
2.6206561493511262e-17,2.718281828459045,5.43656365691809,1.445646891729250136554224997792468345749669676277240766303535545336482536731913e-16,2.891293783458500273108449995584936691499339352554481532607071090672965073463826e-16
3.147081208719516e-17,2.718281828459045,5.43656365691809,1.445646891729250136554224997792468345749669676277240766303535545336482536731913e-16,2.891293783458500273108449995584936691499339352554481532607071090672965073463826e-16
3.779252053623223e-17,2.718281828459045,5.43656365691809,1.445646891729250136554224997792468345749669676277240766303535545336482536731913e-16,2.891293783458500273108449995584936691499339352554481532607071090672965073463826e-16
4.538410399211335e-17,2.718281828459045,5.43656365691809,1.445646891729250136554224997792468345749669676277240766303535545336482536731913e-16,2.891293783458500273108449995584936691499339352554481532607071090672965073463826e-16
5.450064896286234e-17,2.718281828459045,5.43656365691809,1.445646891729250136554224997792468345749669676277240766303535545336482536731913e-16,2.891293783458500273108449995584936691499339352554481532607071090672965073463826e-16
6.544848253232712e-17,2.718281828459045,5.43656365691809,1.445646891729250136554224997792468345749669676277240766303535545336482536731913e-16,2.891293783458500273108449995584936691499339352554481532607071090672965073463826e-16
7.859546532561871e-17,2.718281828459045,5.43656365691809,1.445646891729250136554224997792468345749669676277240766303535545336482536731913e-16,2.891293783458500273108449995584936691499339352554481532607071090672965073463826e-16
9.438335207694599e-17,2.718281828459045,5.43656365691809,1.445646891729250136554224997792468345749669676277240766303535545336482536731913e-16,2.891293783458500273108449995584936691499339352554481532607071090672965073463826e-16
1.133426351300837e-16,2.718281828459045,5.43656365691809,1.445646891729250136554224997792468345749669676277240766303535545336482536731913e-16,2.891293783458500273108449995584936691499339352554481532607071090672965073463826e-16
1.3611036963126917e-16,2.718281828459045,5.43656365691809,1.445646891729250136554224997792468345749669676277240766303535545336482536731913e-16,2.891293783458500273108449995584936691499339352554481532607071090672965073463826e-16
1.6345157936286077e-16,2.718281828459045,5.43656365691809,1.445646891729250136554224997792468345749669676277240766303535545336482536731913e-16,2.891293783458500273108449995584936691499339352554481532607071090672965073463826e-16
1.9628496248000792e-16,2.718281828459045,5.43656365691809,1.445646891729250136554224997792468345749669676277240766303535545336482536731913e-16,2.891293783458500273108449995584936691499339352554481532607071090672965073463826e-16
2.357137608945747e-16,2.718281828459045,5.43656365691809,1.445646891729250136554224997792468345749669676277240766303535545336482536731913e-16,2.891293783458500273108449995584936691499339352554481532607071090672965073463826e-16
2.830628305554684e-16,2.718281828459045,5.43656365691809,1.445646891729250136554224997792468345749669676277240766303535545336482536731913e-16,2.891293783458500273108449995584936691499339352554481532607071090672965073463826e-16
3.3992315823220007e-16,2.718281828459045,5.436563656918089,1.445646891729250136554224997792468345749669676277240766303535545336482536731913e-16,1.177307798045975259649750334031149919149933935255448153260707109067296507346383e-15
4.082053206201911e-16,2.718281828459045,5.43656365691809,1.445646891729250136554224997792468345749669676277240766303535545336482536731913e-16,2.891293783458500273108449995584936691499339352554481532607071090672965073463826e-16
4.902036820592464e-16,2.718281828459045,5.43656365691809,1.445646891729250136554224997792468345749669676277240766303535545336482536731913e-16,2.891293783458500273108449995584936691499339352554481532607071090672965073463826e-16
5.886734879872552e-16,2.718281828459045,5.43656365691809,1.445646891729250136554224997792468345749669676277240766303535545336482536731913e-16,2.891293783458500273108449995584936691499339352554481532607071090672965073463826e-16
7.069234445635949e-16,2.718281828459045,5.43656365691809,1.445646891729250136554224997792468345749669676277240766303535545336482536731913e-16,2.891293783458500273108449995584936691499339352554481532607071090672965073463826e-16
8.489268952511062e-16,2.718281828459045,5.43656365691809,1.445646891729250136554224997792468345749669676277240766303535545336482536731913e-16,2.891293783458500273108449995584936691499339352554481532607071090672965073463826e-16
1.0194553300259765e-15,2.718281828459045,5.43656365691809,1.445646891729250136554224997792468345749669676277240766303535545336482536731913e-16,2.891293783458500273108449995584936691499339352554481532607071090672965073463826e-16
1.2242387132886903e-15,2.718281828459045,5.43656365691809,1.445646891729250136554224997792468345749669676277240766303535545336482536731913e-16,2.891293783458500273108449995584936691499339352554481532607071090672965073463826e-16
1.4701580176902427e-15,2.718281828459045,5.43656365691809,1.445646891729250136554224997792468345749669676277240766303535545336482536731913e-16,2.891293783458500273108449995584936691499339352554481532607071090672965073463826e-16
1.765476433246257e-15,2.718281828459045,5.43656365691809,1.445646891729250136554224997792468345749669676277240766303535545336482536731913e-16,2.891293783458500273108449995584936691499339352554481532607071090672965073463826e-16
2.1201170206484973e-15,2.718281828459045,5.43656365691809,1.445646891729250136554224997792468345749669676277240766303535545336482536731913e-16,2.891293783458500273108449995584936691499339352554481532607071090672965073463826e-16
2.5459961382653432e-15,2.718281828459045,5.43656365691809,1.445646891729250136554224997792468345749669676277240766303535545336482536731913e-16,2.891293783458500273108449995584936691499339352554481532607071090672965073463826e-16
3.0574238463871847e-15,2.718281828459045,5.43656365691809,1.445646891729250136554224997792468345749669676277240766303535545336482536731913e-16,2.891293783458500273108449995584936691499339352554481532607071090672965073463826e-16
3.671584742789872e-15,2.718281828459045,5.43656365691809,1.445646891729250136554224997792468345749669676277240766303535545336482536731913e-16,2.891293783458500273108449995584936691499339352554481532607071090672965073463826e-16
4.409115386280758e-15,2.718281828459045,5.43656365691809,1.445646891729250136554224997792468345749669676277240766303535545336482536731913e-16,2.891293783458500273108449995584936691499339352554481532607071090672965073463826e-16
5.294797710365748e-15,2.718281828459045,5.436563656918091,1.445646891729250136554224997792468345749669676277240766303535545336482536731913e-16,5.990490413542752050280603349141625808500660647445518467392928909327034926536174e-16
6.3583917265868805e-15,2.718281828459045,5.43656365691809,1.445646891729250136554224997792468345749669676277240766303535545336482536731913e-16,2.891293783458500273108449995584936691499339352554481532607071090672965073463826e-16
7.635635497382505e-15,2.718281828459045,5.43656365691809,1.445646891729250136554224997792468345749669676277240766303535545336482536731913e-16,2.891293783458500273108449995584936691499339352554481532607071090672965073463826e-16
9.169445978784393e-15,2.718281828459045,5.43656365691809,1.445646891729250136554224997792468345749669676277240766303535545336482536731913e-16,2.891293783458500273108449995584936691499339352554481532607071090672965073463826e-16
1.1011361082737267e-14,2.718281828459045,5.43656365691809,1.445646891729250136554224997792468345749669676277240766303535545336482536731913e-16,2.891293783458500273108449995584936691499339352554481532607071090672965073463826e-16
1.3223271414102995e-14,2.718281828459045,5.43656365691809,1.445646891729250136554224997792468345749669676277240766303535545336482536731913e-16,2.891293783458500273108449995584936691499339352554481532607071090672965073463826e-16
1.587949987083398e-14,2.718281828459045,5.43656365691809,1.445646891729250136554224997792468345749669676277240766303535545336482536731913e-16,2.891293783458500273108449995584936691499339352554481532607071090672965073463826e-16
1.9069298984431575e-14,2.718281828459045,5.43656365691809,1.445646891729250136554224997792468345749669676277240766303535545336482536731913e-16,2.891293783458500273108449995584936691499339352554481532607071090672965073463826e-16
2.2899849914387997e-14,2.718281828459045,5.43656365691809,1.445646891729250136554224997792468345749669676277240766303535545336482536731913e-16,2.891293783458500273108449995584936691499339352554481532607071090672965073463826e-16
2.7499863866502254e-14,2.718281828459045,5.43656365691809,1.445646891729250136554224997792468345749669676277240766303535545336482536731913e-16,2.891293783458500273108449995584936691499339352554481532607071090672965073463826e-16
3.302390694713704e-14,2.718281828459045,5.43656365691809,1.445646891729250136554224997792468345749669676277240766303535545336482536731913e-16,2.891293783458500273108449995584936691499339352554481532607071090672965073463826e-16
3.9657593773822657e-14,2.718281828459045,5.43656365691809,1.445646891729250136554224997792468345749669676277240766303535545336482536731913e-16,2.891293783458500273108449995584936691499339352554481532607071090672965073463826e-16
4.7623824353886034e-14,2.718281828459045,5.43656365691809,1.445646891729250136554224997792468345749669676277240766303535545336482536731913e-16,2.891293783458500273108449995584936691499339352554481532607071090672965073463826e-16
5.719027379787442e-14,2.718281828459045,5.43656365691809,1.445646891729250136554224997792468345749669676277240766303535545336482536731913e-16,2.891293783458500273108449995584936691499339352554481532607071090672965073463826e-16
6.8678386531319e-14,2.718281828459045,5.43656365691809,1.445646891729250136554224997792468345749669676277240766303535545336482536731913e-16,2.891293783458500273108449995584936691499339352554481532607071090672965073463826e-16
8.247417722138207e-14,2.718281828459045,5.43656365691809,1.445646891729250136554224997792468345749669676277240766303535545336482536731913e-16,2.891293783458500273108449995584936691499339352554481532607071090672965073463826e-16
9.90412013427557e-14,2.718281828459045,5.43656365691809,1.445646891729250136554224997792468345749669676277240766303535545336482536731913e-16,2.891293783458500273108449995584936691499339352554481532607071090672965073463826e-16
1.1893613120972284e-13,2.718281828459045,5.43656365691809,1.445646891729250136554224997792468345749669676277240766303535545336482536731913e-16,2.891293783458500273108449995584936691499339352554481532607071090672965073463826e-16
1.4282746084815286e-13,2.718281828459045,5.43656365691809,1.445646891729250136554224997792468345749669676277240766303535545336482536731913e-16,2.891293783458500273108449995584936691499339352554481532607071090672965073463826e-16
1.7151796821404356e-13,2.718281828459045,5.43656365691809,1.445646891729250136554224997792468345749669676277240766303535545336482536731913e-16,2.891293783458500273108449995584936691499339352554481532607071090672965073463826e-16
2.0597168951669586e-13,2.718281828459045,5.43656365691809,1.445646891729250136554224997792468345749669676277240766303535545336482536731913e-16,2.891293783458500273108449995584936691499339352554481532607071090672965073463826e-16
2.473463120168209e-13,2.718281828459045,5.43656365691809,1.445646891729250136554224997792468345749669676277240766303535545336482536731913e-16,2.891293783458500273108449995584936691499339352554481532607071090672965073463826e-16
2.9703207373731605e-13,2.718281828459045,5.43656365691809,1.445646891729250136554224997792468345749669676277240766303535545336482536731913e-16,2.891293783458500273108449995584936691499339352554481532607071090672965073463826e-16
3.5669847716464034e-13,2.718281828459045,5.43656365691809,1.445646891729250136554224997792468345749669676277240766303535545336482536731913e-16,2.891293783458500273108449995584936691499339352554481532607071090672965073463826e-16
4.2835038657843644e-13,2.718281828459045,5.43656365691809,1.445646891729250136554224997792468345749669676277240766303535545336482536731913e-16,2.891293783458500273108449995584936691499339352554481532607071090672965073463826e-16
5.143953939483878e-13,2.718281828459045,5.43656365691809,1.445646891729250136554224997792468345749669676277240766303535545336482536731913e-16,2.891293783458500273108449995584936691499339352554481532607071090672965073463826e-16
6.177247169750507e-13,2.718281828459045,5.43656365691809,1.445646891729250136554224997792468345749669676277240766303535545336482536731913e-16,2.891293783458500273108449995584936691499339352554481532607071090672965073463826e-16
7.418103475479241e-13,2.718281828459045,5.43656365691809,1.445646891729250136554224997792468345749669676277240766303535545336482536731913e-16,2.891293783458500273108449995584936691499339352554481532607071090672965073463826e-16
8.908217149280746e-13,2.718281828459045,5.436563656918091,1.445646891729250136554224997792468345749669676277240766303535545336482536731913e-16,5.990490413542752050280603349141625808500660647445518467392928909327034926536174e-16
1.0697657836811519e-12,2.718281828459045,5.43656365691809,1.445646891729250136554224997792468345749669676277240766303535545336482536731913e-16,2.891293783458500273108449995584936691499339352554481532607071090672965073463826e-16
1.2846552938231336e-12,2.718281828459045,5.43656365691809,1.445646891729250136554224997792468345749669676277240766303535545336482536731913e-16,2.891293783458500273108449995584936691499339352554481532607071090672965073463826e-16
1.5427107962537768e-12,2.718281828459045,5.43656365691809,1.445646891729250136554224997792468345749669676277240766303535545336482536731913e-16,2.891293783458500273108449995584936691499339352554481532607071090672965073463826e-16
1.8526032721160722e-12,2.718281828459045,5.43656365691809,1.445646891729250136554224997792468345749669676277240766303535545336482536731913e-16,2.891293783458500273108449995584936691499339352554481532607071090672965073463826e-16
2.2247454883893706e-12,2.718281828459045,5.43656365691809,1.445646891729250136554224997792468345749669676277240766303535545336482536731913e-16,2.891293783458500273108449995584936691499339352554481532607071090672965073463826e-16
2.671641879621368e-12,2.718281828459045,5.43656365691809,1.445646891729250136554224997792468345749669676277240766303535545336482536731913e-16,2.891293783458500273108449995584936691499339352554481532607071090672965073463826e-16
3.2083087122537164e-12,2.718281828459045,5.43656365691809,1.445646891729250136554224997792468345749669676277240766303535545336482536731913e-16,2.891293783458500273108449995584936691499339352554481532607071090672965073463826e-16
3.852778649577812e-12,2.718281828459045,5.43656365691809,1.445646891729250136554224997792468345749669676277240766303535545336482536731913e-16,2.891293783458500273108449995584936691499339352554481532607071090672965073463826e-16
4.626706671321315e-12,2.718281828459045,5.43656365691809,1.445646891729250136554224997792468345749669676277240766303535545336482536731913e-16,2.891293783458500273108449995584936691499339352554481532607071090672965073463826e-16
5.556097707506473e-12,2.718281828459045,5.43656365691809,1.445646891729250136554224997792468345749669676277240766303535545336482536731913e-16,2.891293783458500273108449995584936691499339352554481532607071090672965073463826e-16
6.672180435969319e-12,2.718281828459045,5.43656365691809,1.445646891729250136554224997792468345749669676277240766303535545336482536731913e-16,2.891293783458500273108449995584936691499339352554481532607071090672965073463826e-16
8.012456604207349e-12,2.718281828459045,5.43656365691809,1.445646891729250136554224997792468345749669676277240766303535545336482536731913e-16,2.891293783458500273108449995584936691499339352554481532607071090672965073463826e-16
9.621961134056091e-12,2.718281828459045,5.43656365691809,1.445646891729250136554224997792468345749669676277240766303535545336482536731913e-16,2.891293783458500273108449995584936691499339352554481532607071090672965073463826e-16
1.1554775350255333e-11,2.718281828459045,5.43656365691809,1.445646891729250136554224997792468345749669676277240766303535545336482536731913e-16,2.891293783458500273108449995584936691499339352554481532607071090672965073463826e-16
1.3875844179240318e-11,2.718281828459045,5.43656365691809,1.445646891729250136554224997792468345749669676277240766303535545336482536731913e-16,2.891293783458500273108449995584936691499339352554481532607071090672965073463826e-16
1.6663158378263233e-11,2.718281828459045,5.43656365691809,1.445646891729250136554224997792468345749669676277240766303535545336482536731913e-16,2.891293783458500273108449995584936691499339352554481532607071090672965073463826e-16
2.001037512041929e-11,2.718281828459045,5.43656365691809,1.445646891729250136554224997792468345749669676277240766303535545336482536731913e-16,2.891293783458500273108449995584936691499339352554481532607071090672965073463826e-16
2.4029964990444276e-11,2.718281828459045,5.436563656918089,1.445646891729250136554224997792468345749669676277240766303535545336482536731913e-16,1.177307798045975259649750334031149919149933935255448153260707109067296507346383e-15
2.885699113420121e-11,2.718281828459045,5.43656365691809,1.445646891729250136554224997792468345749669676277240766303535545336482536731913e-16,2.891293783458500273108449995584936691499339352554481532607071090672965073463826e-16
3.4653647545907975e-11,2.718281828459045,5.43656365691809,1.445646891729250136554224997792468345749669676277240766303535545336482536731913e-16,2.891293783458500273108449995584936691499339352554481532607071090672965073463826e-16
4.161470898512165e-11,2.718281828459045,5.43656365691809,1.445646891729250136554224997792468345749669676277240766303535545336482536731913e-16,2.891293783458500273108449995584936691499339352554481532607071090672965073463826e-16
4.9974075647365793e-11,2.718281828459045,5.43656365691809,1.445646891729250136554224997792468345749669676277240766303535545336482536731913e-16,2.891293783458500273108449995584936691499339352554481532607071090672965073463826e-16
6.0012632497359e-11,2.718281828459045,5.43656365691809,1.445646891729250136554224997792468345749669676277240766303535545336482536731913e-16,2.891293783458500273108449995584936691499339352554481532607071090672965073463826e-16
7.206768734806797e-11,2.718281828459045,5.43656365691809,1.445646891729250136554224997792468345749669676277240766303535545336482536731913e-16,2.891293783458500273108449995584936691499339352554481532607071090672965073463826e-16
8.654430481661441e-11,2.718281828459045,5.43656365691809,1.445646891729250136554224997792468345749669676277240766303535545336482536731913e-16,2.891293783458500273108449995584936691499339352554481532607071090672965073463826e-16
1.0392891699183728e-10,2.718281828459045,5.43656365691809,1.445646891729250136554224997792468345749669676277240766303535545336482536731913e-16,2.891293783458500273108449995584936691499339352554481532607071090672965073463826e-16
1.2480566814862987e-10,2.718281828459045,5.43656365691809,1.445646891729250136554224997792468345749669676277240766303535545336482536731913e-16,2.891293783458500273108449995584936691499339352554481532607071090672965073463826e-16
1.4987604271147418e-10,2.718281828459045,5.43656365691809,1.445646891729250136554224997792468345749669676277240766303535545336482536731913e-16,2.891293783458500273108449995584936691499339352554481532607071090672965073463826e-16
1.7998243599081542e-10,2.718281828459045,5.43656365691809,1.445646891729250136554224997792468345749669676277240766303535545336482536731913e-16,2.891293783458500273108449995584936691499339352554481532607071090672965073463826e-16
2.161364596978904e-10,2.718281828459045,5.43656365691809,1.445646891729250136554224997792468345749669676277240766303535545336482536731913e-16,2.891293783458500273108449995584936691499339352554481532607071090672965073463826e-16
2.5955293333801573e-10,2.718281828459045,5.43656365691809,1.445646891729250136554224997792468345749669676277240766303535545336482536731913e-16,2.891293783458500273108449995584936691499339352554481532607071090672965073463826e-16
3.116907036347938e-10,2.718281828459045,5.43656365691809,1.445646891729250136554224997792468345749669676277240766303535545336482536731913e-16,2.891293783458500273108449995584936691499339352554481532607071090672965073463826e-16
3.7430166356791897e-10,2.718281828459045,5.436563656918091,1.445646891729250136554224997792468345749669676277240766303535545336482536731913e-16,5.990490413542752050280603349141625808500660647445518467392928909327034926536174e-16
4.4948961812434607e-10,2.718281828459045,5.43656365691809,1.445646891729250136554224997792468345749669676277240766303535545336482536731913e-16,2.891293783458500273108449995584936691499339352554481532607071090672965073463826e-16
5.397809747241699e-10,2.718281828459045,5.43656365691809,1.445646891729250136554224997792468345749669676277240766303535545336482536731913e-16,2.891293783458500273108449995584936691499339352554481532607071090672965073463826e-16
6.482096336062067e-10,2.718281828459045,5.43656365691809,1.445646891729250136554224997792468345749669676277240766303535545336482536731913e-16,2.891293783458500273108449995584936691499339352554481532607071090672965073463826e-16
7.784189305942144e-10,2.718281828459045,5.436563656918091,1.445646891729250136554224997792468345749669676277240766303535545336482536731913e-16,5.990490413542752050280603349141625808500660647445518467392928909327034926536174e-16
9.347840576457007e-10,2.718281828459045,5.43656365691809,1.445646891729250136554224997792468345749669676277240766303535545336482536731913e-16,2.891293783458500273108449995584936691499339352554481532607071090672965073463826e-16
1.1225590746637114e-9,2.718281828459045,5.43656365691809,1.445646891729250136554224997792468345749669676277240766303535545336482536731913e-16,2.891293783458500273108449995584936691499339352554481532607071090672965073463826e-16
1.3480534523487431e-9,2.718281828459045,5.43656365691809,1.445646891729250136554224997792468345749669676277240766303535545336482536731913e-16,2.891293783458500273108449995584936691499339352554481532607071090672965073463826e-16
1.6188440781468505e-9,2.718281828459045,5.43656365691809,1.445646891729250136554224997792468345749669676277240766303535545336482536731913e-16,2.891293783458500273108449995584936691499339352554481532607071090672965073463826e-16
1.944029848953771e-9,2.718281828459045,5.43656365691809,1.445646891729250136554224997792468345749669676277240766303535545336482536731913e-16,2.891293783458500273108449995584936691499339352554481532607071090672965073463826e-16
2.3345374052017746e-9,2.718281828459045,5.43656365691809,1.445646891729250136554224997792468345749669676277240766303535545336482536731913e-16,2.891293783458500273108449995584936691499339352554481532607071090672965073463826e-16
2.8034882793694485e-9,2.718281828459045,5.43656365691809,1.445646891729250136554224997792468345749669676277240766303535545336482536731913e-16,2.891293783458500273108449995584936691499339352554481532607071090672965073463826e-16
3.366639795554073e-9,2.718281828459045,5.436563656918091,1.445646891729250136554224997792468345749669676277240766303535545336482536731913e-16,5.990490413542752050280603349141625808500660647445518467392928909327034926536174e-16
4.042914534872849e-9,2.718281828459045,5.43656365691809,1.445646891729250136554224997792468345749669676277240766303535545336482536731913e-16,2.891293783458500273108449995584936691499339352554481532607071090672965073463826e-16
4.855036157379002e-9,2.718281828459045,5.43656365691809,1.445646891729250136554224997792468345749669676277240766303535545336482536731913e-16,2.891293783458500273108449995584936691499339352554481532607071090672965073463826e-16
5.830292944888803e-9,2.7182818284590446,5.43656365691809,5.886538990229876298248751670155749595749669676277240766303535545336482536731913e-16,2.891293783458500273108449995584936691499339352554481532607071090672965073463826e-16
7.001454720693739e-9,2.7182818284590446,5.43656365691809,5.886538990229876298248751670155749595749669676277240766303535545336482536731913e-16,2.891293783458500273108449995584936691499339352554481532607071090672965073463826e-16
8.407873955784529e-9,2.7182818284590446,5.43656365691809,5.886538990229876298248751670155749595749669676277240766303535545336482536731913e-16,2.891293783458500273108449995584936691499339352554481532607071090672965073463826e-16
1.009680806010482e-8,2.7182818284590446,5.43656365691809,5.886538990229876298248751670155749595749669676277240766303535545336482536731913e-16,2.891293783458500273108449995584936691499339352554481532607071090672965073463826e-16
1.2125007289442108e-8,2.718281828459044,5.436563656918089,1.032743108873050245994327834251903084574966967627724076630353554533648253673191e-15,1.177307798045975259649750334031149919149933935255448153260707109067296507346383e-15
1.4560621623572592e-8,2.7182818284590433,5.436563656918088,1.920921528573175478333233168724559334574966967627724076630353554533648253673191e-15,2.065486217746100491988655668503806169149933935255448153260707109067296507346383e-15
1.7485490689103308e-8,2.7182818284590424,5.4365636569180875,2.809099948273300710672138503197215584574966967627724076630353554533648253673191e-15,2.953664637446225724327561002976462419149933935255448153260707109067296507346383e-15
2.0997893671225114e-8,2.718281828459042,5.436563656918087,3.253189158123363326841591170433543709574966967627724076630353554533648253673191e-15,3.841843057146350956666466337449118669149933935255448153260707109067296507346383e-15
2.5215851614781682e-8,2.71828182845904,5.436563656918084,5.029545997523613791519401839378856209574966967627724076630353554533648253673191e-15,6.506378316246726653683182340867087419149933935255448153260707109067296507346383e-15
3.028109307601757e-8,2.7182818284590375,5.436563656918082,7.694081256623989488536117842796824959574966967627724076630353554533648253673191e-15,8.282735155646977118360993009812399919149933935255448153260707109067296507346383e-15
3.636381637576424e-8,2.7182818284590344,5.436563656918078,1.080270572557442780172228651345112183457496696762772407663035355453364825367319e-14,1.272362725414760328005551968217568116914993393525544815326070710906729650734638e-14
4.366840847160745e-8,2.71828182845903,5.436563656918073,1.524359782407505396341681318581440308457496696762772407663035355453364825367319e-14,1.716451935264822944175004635453896241914993393525544815326070710906729650734638e-14
5.24403126101497e-8,2.7182818284590224,5.436563656918064,2.279311439152611843829750852883198120957496696762772407663035355453364825367319e-14,2.604630354964948176513909969926552491914993393525544815326070710906729650734638e-14
6.297427552090032e-8,2.718281828459013,5.436563656918054,3.211898779837743337785601454079487183457496696762772407663035355453364825367319e-14,3.670444458605098455320596371293739991914993393525544815326070710906729650734638e-14
7.562425126761548e-8,2.7182818284589985,5.436563656918038,4.677393172342949971144795255959369995957496696762772407663035355453364825367319e-14,5.269165614065323873530625973344521241914993393525544815326070710906729650734638e-14
9.081529453863048e-8,2.718281828458978,5.436563656918016,6.720203537653238005524277525246479370957496696762772407663035355453364825367319e-14,7.489611663315636954377889309526161866914993393525544815326070710906729650734638e-14
1.090578430053166e-7,2.7182818284589487,5.436563656917984,9.651192322663651272242665129006244995957496696762772407663035355453364825367319e-14,1.068705397423608779079794851362772436691499339352554481532607071090672965073464e-13
1.3096486865340779e-7,2.7182818284589056,5.436563656917935,1.395885765820925864908635600119862780845749669676277240766303535545336482536732e-13,1.557203528258677656866192785322733374191499339352554481532607071090672965073464e-13
1.572724743929531e-7,2.7182818284588435,5.436563656917866,2.017610659611013527545869334250722155845749669676277240766303535545336482536732e-13,2.241100911427774085767149892866678686691499339352554481532607071090672965073464e-13
1.8886462801822907e-7,2.718281828458754,5.436563656917767,2.910229971409639386046469195395741687095749669676277240766303535545336482536732e-13,3.235860741491914345986723867476053686691499339352554481532607071090672965073464e-13
2.2680286460897884e-7,2.718281828458626,5.436563656917625,4.193647787876320346776187403708729968345749669676277240766303535545336482536732e-13,4.656946213012114717728972402632303686691499339352554481532607071090672965073464e-13
2.7236195541006166e-7,2.7182818284584402,5.436563656917418,6.049940685049582082364499552756581530845749669676277240766303535545336482536732e-13,6.726401930913406509078621831953592749191499339352554481532607071090672965073464e-13
3.270727417075828e-7,2.7182818284581725,5.43656365691712,8.727798620445459657866299136191640124595749669676277240766303535545336482536732e-13,9.701799636908826037413954702436991186691499339352554481532607071090672965073464e-13
3.9277357297223763e-7,2.718281828457787,5.436563656916692,1.258249296194400316621714828780296824959574966967627724076630353554533648253673e-12,1.398281961986342965728747841459519431169149933935255448153260707109067296507346e-12
4.7167207765452587e-7,2.7182818284572305,5.436563656916074,1.814693076136528774682039020827415965584574966967627724076630353554533648253673e-12,2.016454142097630127436625954252488181169149933935255448153260707109067296507346e-12
5.664193422062595e-7,2.7182818284564285,5.436563656915183,2.616718189125741859484070537856224559334574966967627724076630353554533648253673e-12,2.907297097056855735472548004728562399919149933935255448153260707109067296507346e-12
6.801989908343966e-7,2.7182818284552726,5.436563656913899,3.772682402365454849373155830672386668709574966967627724076630353554533648253673e-12,4.191603091943236821434605118376023337419149933935255448153260707109067296507346e-12
8.168341591761034e-7,2.718281828453604,5.4365636569120435,5.441125563772140098321789501479271434334574966967627724076630353554533648253673e-12,6.047007810696798431790578362089402243669149933935255448153260707109067296507346e-12
9.809159563416273e-7,2.7182818284511985,5.436563656909372,7.846756813529929290111714599898460887459574966967627724076630353554533648253673e-12,8.718648497154775130666005608183152243669149933935255448153260707109067296507346e-12
1.1779577318070592e-6,2.7182818284477297,5.436563656905518,1.131553763166876838501130938368141987183457496696762772407663035355453364825367e-11,1.257245466023361851378451585446000771241914993393525544815326070710906729650735e-11
1.4145803307136464e-6,2.7182818284427275,5.436563656899959,1.631775849141987369354402422743141987183457496696762772407663035355453364825367e-11,1.813156338913670234299372434292436318116914993393525544815326070710906729650735e-11
1.6987345623787492e-6,2.718281828435513,5.436563656891943,2.353243179464399095583295225935280659058457496696762772407663035355453364825367e-11,2.614737362693033256485234498654008583741914993393525544815326070710906729650735e-11
2.039968357233064e-6,2.718281828425109,5.4365636568803835,3.393610971380140786483471989469826557495957496696762772407663035355453364825367e-11,3.770701575932746246374319791470170693116914993393525544815326070710906729650735e-11
2.4497475889846083e-6,2.7182818284101056,5.436563656863713,4.893966366858577335211967825727761127808457496696762772407663035355453364825367e-11,5.437723651867911294951211213741899208741914993393525544815326070710906729650735e-11
2.9418413420273776e-6,2.7182818283884695,5.436563656839672,7.057568997248082401189541220503151752808457496696762772407663035355453364825367e-11,7.841844998312210273846160173092485146241914993393525544815326070710906729650735e-11
3.532784569551756e-6,2.718281828357268,5.436563656805004,1.017773978565462234239611566050559315905845749669676277240766303535545336482537e-10,1.130867182392770909323460936513960428686691499339352554481532607071090672965073e-10
4.242433688236216e-6,2.718281828312272,5.436563656755009,1.467734047769742678194824397547751698718345749669676277240766303535545336482537e-10,1.630813933057774401354707360235273905249191499339352554481532607071090672965073e-10
5.094633778182841e-6,2.718281828247384,5.436563656682912,2.116610555850063169184658467753440175280845749669676277240766303535545336482537e-10,2.351783883465154057453490376440107889624191499339352554481532607071090672965073e-10
6.118019806832265e-6,2.718281828153808,5.436563656578938,3.052373134385622610846120655520468983874595749669676277240766303535545336482537e-10,3.391521068702908659438706517187178202124191499339352554481532607071090672965073e-10
7.346978798963352e-6,2.718281828018862,5.436563656428999,4.401831457249106383226398169978171620593345749669676277240766303535545336482537e-10,4.890917231488069072916276335683882303686691499339352554481532607071090672965073e-10
8.822805282869018e-6,2.7182818278242564,5.43656365621277,6.347888106409361275421041786654502186999595749669676277240766303535545336482537e-10,7.053205357816417953549988150564253397436691499339352554481532607071090672965073e-10
1.0595088837115579e-5,2.7182818275436156,5.4365636559009465,9.154296545380536476425412833674460683093345749669676277240766303535545336482537e-10,1.017143991726801162175006377693754441306169149933935255448153260707109067296507e-09
1.272338036115737e-5,2.7182818271389033,5.436563655451265,1.320141918239921061698864752052596214793709574966967627724076630353554533648254e-09,1.466825172907295766807264792915922410056169149933935255448153260707109067296507e-09
1.5279193058541325e-5,2.718281826555266,5.4365636548027805,1.903779056858008253997709208725264671824959574966967627724076630353554533648254e-09,2.115309994304528502569637405869108445212419149933935255448153260707109067296507e-09
1.8348405368189554e-5,2.7182818257136026,5.436563653867598,2.745442684540018227793793731926253441356209574966967627724076630353554533648254e-09,3.050492592332023762454382288452726609274919149933935255448153260707109067296507e-09
2.2034146585195902e-5,2.7182818244998384,5.436563652518971,3.959206884798556267427797967193892601512459574966967627724076630353554533648254e-09,4.399119580194668217617190587517362839743669149933935255448153260707109067296507e-09
2.6460262131531763e-5,2.718281822749467,5.436563650574115,5.709578288173640168183069282768538597606209574966967627724076630353554533648254e-09,6.343975412131488540497712004181486374899919149933935255448153260707109067296507e-09
3.177547491400375e-5,2.718281820225254,5.436563647769433,8.233791126924012779867793971298506859324959574966967627724076630353554533648254e-09,9.148657232254766698050416219231230027243669149933935255448153260707109067296507e-09
3.8158382596190565e-5,2.7182818165850833,5.436563643724799,1.187396195835554564060136263966398537494995957496696762772407663035355453364825e-08,1.319329119334144108771263729333553910927491914993393525544815326070710906729651e-08
4.5823458698820536e-5,2.7182818113355878,5.436563637892026,1.712345746331089386463123893141584694721558457496696762772407663035355453364825e-08,1.902606456874410780338487695455227494911866914993393525544815326070710906729651e-08
5.50282591729173e-5,2.7182818037652816,5.436563629480576,2.469376362303187917082529103159742653705933457496696762772407663035355453364825e-08,2.743751477177157851011409531831417680458741914993393525544815326070710906729651e-08
6.608207659540327e-5,2.718281792848133,5.43656361735041,3.561091214156186352870851343273954689838745957496696762772407663035355453364825e-08,3.956768008841992325224830876588497758583741914993393525544815326070710906729651e-08
7.935633277873942e-5,2.718281777104497,5.436563599857481,5.135454831407792581690433954596357643940308457496696762772407663035355453364825e-08,5.706060985979876333922996293306027055458741914993393525544815326070710906729651e-08
9.529705899902193e-5,2.7182817544005764,5.4365635746309025,7.405846883547206444878089761137800515034058457496696762772407663035355453364825e-08,8.228718801953037966350942026376400590614991914993393525544815326070710906729651e-08
0.000114439883193495,2.7182817216592197,5.436563538251617,1.067998255723926437999164271891100913319812095749669676277240766303535545336483e-07,1.186664733814619589092294789433446943827124191499339352554481532607071090672965e-07
0.00013742802771568436,2.7182816744428626,5.436563485788998,1.540161826188016736627598810732348471913562095749669676277240766303535545336483e-07,1.711290925192894186901944793343511641092749191499339352554481532607071090672965e-07
0.0001650339223947797,2.7182816063520856,5.436563410132578,2.221069596355510445495877001225932151112780845749669676277240766303535545336483e-07,2.467855123149671393756839550614324629373999191499339352554481532607071090672965e-07
0.0001981851591245514,2.718281508158279,5.436563301028347,3.203007660548399205358275729954226523671374595749669676277240766303535545336483e-07,3.558897437421488697717982448220220625467749191499339352554481532607071090672965e-07
0.00023799566008779645,2.7182813665528514,5.4365631436889785,4.619061938828797853706912655174716025624499595749669676277240766303535545336483e-07,5.132291119429861404777589357972112715311499191499339352554481532607071090672965e-07
0.00028580310690685354,2.7182811623434673,5.436562916789654,6.661155779521669107557083997666819602284655845749669676277240766303535545336483e-07,7.401284361612521146734329975724187910623999191499339352554481532607071090672965e-07
0.0003432138883855167,2.718280867852836,5.436562589577823,9.606062093883286313134288001596911460194812095749669676277240766303535545336483e-07,1.067340267125099320240140996086594206101462419149933935255448153260707109067297e-06
0.00041215707714156133,2.718280443167506,5.436562117705196,1.385291539402158429503701213353870680931590584574966967627724076630353554533648e-06,1.539212894319713189745842582690712553269431169149933935255448153260707109067297e-06
0.0004949492488108865,2.718279830728255,5.436561437217062,1.997730790271004304223837848359344771507762459574966967627724076630353554533648e-06,2.219701028605608019845848075258728605515524919149933935255448153260707109067297e-06
0.000594372321827973,2.7182789475288898,5.436560455884273,2.880930155469099469620645563656090071800731209574966967627724076630353554533648e-06,3.201033817857217958065037719118591886765524919149933935255448153260707109067297e-06
0.0007137670332946767,2.718277673866153,5.436559040703118,4.154592892080768757943091500157116225365184334574966967627724076630353554533648e-06,4.616214972342130398304023883450028043992087419149933935255448153260707109067297e-06
0.0008571451918411112,2.7182758371160025,5.436556999868918,5.991343042721877560972147207313774397972606209574966967627724076630353554533648e-06,6.657049172643008763246060452568527799851462419149933935255448153260707109067297e-06
0.00102932447931231,2.718273188337471,5.436554056780205,8.640121574343920025704805325323341658714793709574966967627724076630353554533648e-06,9.600137885823950103643172524082657438523337419149933935255448153260707109067297e-06
0.0012360903307825576,2.718269368533287,5.436549812550307,1.245992575841260696207560091798901396096088745957496696762772407663035355453365e-05,1.38443677831339424423485147870659795820780249191499339352554481532607071090673e-05
0.0014843903322642566,2.718263859994756,5.436543691945647,1.796846428906452552538344595169424848854877808457496696762772407663035355453365e-05,1.99649724435651261168667665786623922407694311691499339352554481532607071090673e-05
0.0017825676681125953,2.7182559161371427,5.4365348654241,2.591232190255500477788832928573489027321674683457496696762772407663035355453365e-05,2.87914939901106332521730187452912298262186499191499339352554481532607071090673e-05
0.0021406414622449164,2.7182444603172633,5.436522136708128,3.736814178193516277743715751504301863015034058457496696762772407663035355453365e-05,4.15202099629090877109983089483857122480936499191499339352554481532607071090673e-05
0.0025706434329833315,2.7182279399225378,5.436503780657385,5.388853650748505452312333933597206907570698120957496696762772407663035355453365e-05,5.98762607054275359709417066640734640181131811691499339352554481532607071090673e-05
0.0030870221735358806,2.7182041159616346,5.436477309472001,7.771249741065379390121184248065352278054096558457496696762772407663035355453365e-05,8.63474460895523871962931557662367788374491186691499339352554481532607071090673e-05
0.0037071286424358745,2.71816975965162,5.436439135549401,0.0001120688074253475411357716932479083521872792468345749669676277240766303535545336,0.0001245213686894124644945103759981274572432108374191499339352554481532607071090673
0.0044517991770131726,2.7181202149049413,5.436384085321763,0.0001616135541039678405984081603172957881003651843345749669676277240766303535545336,0.0001795715963271553856551899193889975515425272436691499339352554481532607071090673
0.005346055619864548,2.7180487674725375,5.436304698227004,0.0002330609865076940371243030806589663012534413562095749669676277240766303535545336,0.0002589586910864532238642122215695261922895975561691499339352554481532607071090673
0.006419946083430615,2.7179457353532244,5.436190215892619,0.0003360931058208673908272534884098708613425526843345749669676277240766303535545336,0.0003734410254712776928621887314237236944258280249191499339352554481532607071090673
0.007709554603399424,2.7177971574232487,5.436025124724836,0.0004846710357965580276929462836641609652549061999595749669676277240766303535545336,0.0005385321932547930951963489028729081121504373999191499339352554481532607071090673
0.009258213606528589,2.7175829030379584,5.435787054774448,0.0006989254210868825060121811968792021258384022937095749669676277240766303535545336,0.0007766021436429020592308214950479149786055155249191499339352554481532607071090673
0.011117959933290629,2.7172739474054777,5.435443750936154,0.001007881053567561094093172372836226223281029246834574966967627724076630353554534,0.001119905981936076183149837478167521950346238181169149933935255448153260707109067
0.013351283339486864,2.716828445559253,5.434948707705664,0.001453382899792166296544302398856335876753929637459574966967627724076630353554534,0.001614949212426287000301656833953368660551316306169149933935255448153260707109067
0.01603322622862701,2.7161860771983046,5.434234879451899,0.002095751260740608370776236783299201725295189403084574966967627724076630353554534,0.002328777466191601002822992912597167488676316306169149933935255448153260707109067
0.01925390516865572,2.7152599050312194,5.433205621208104,0.003021923427825845789636070052679234741500023387459574966967627724076630353554534,0.003358035709986784605565319824136006828886277243669149933935255448153260707109067
0.023121538919078352,2.7139246620696493,5.431721647689242,0.004357166389395905850330301704402619598677757762459574966967627724076630353554534,0.004842009228848210194531405166826355454069382712419149933935255448153260707109067
0.027766084713908484,2.711999919703322,5.429582275327005,0.006281908755723242490427502574916535614302757762459574966967627724076630353554534,0.006981381591085811715959992314792382713896042868669149933935255448153260707109067
0.0333436049840005,2.7092259368773464,5.4264984720501195,0.009055891581698871886425614733766371010115746043709574966967627724076630353554534,0.01006518486797098924045114736921261548672319130616914993393525544815326070710907
0.04004151124598947,2.705229086507242,5.422054201387746,0.01305274195180331521492617999162113070326149799683457496696762772407663035355453,0.01450945553034472859609506750396560430203080849366914993393525544815326070710907
0.04808486135893329,2.6994725244788786,5.415651110600324,0.01880930398016659200998830006416475176649391987183457496696762772407663035355453,0.02091254631776646769013807252897988557491899208741914993393525544815326070710907
0.0577439217441979,2.6911861425724855,5.406429664911129,0.02709568588655978406387176751583402752714455463745957496696762772407663035355453,0.03013399200696149685073889750904511212978959755616914993393525544815326070710907
0.06934324866844159,2.679267814959528,5.3931572777247325,0.03901401349951708642771037507760857939558327534058457496696762772407663035355453,0.04340637919335794728214152465491663217220903114991914993393525544815326070710907
0.08327259373193656,2.6621456527287504,5.374070832486389,0.05613617573029486852697728996123706698255837299683457496696762772407663035355453,0.06249282443170163284195352653890024423275590614991914993393525544815326070710907
0.1,2.637588959483721,5.346657516342275,0.08069286897532427250944848442874436974363625385620957496696762772407663035355453,0.08990614057581531917650265578097771405850053505616914993393525544815326070710907
